0.066875,Kure Atoll,NOAA NCCOS,28.501778,-178.369614
0.015,Kure Atoll,NOAA NCCOS,28.501778,-178.261817
0.115,Kure Atoll,NOAA NCCOS,28.470031,-178.369614
0.2375,Kure Atoll,NOAA NCCOS,28.470031,-178.261817
0.26625,Kure Atoll,NOAA NCCOS,28.438274,-178.369614
0.156875,Kure Atoll,NOAA NCCOS,28.438274,-178.225884
0.324375,Kure Atoll,NOAA NCCOS,28.406508,-178.369614
0.190625,Kure Atoll,NOAA NCCOS,28.406508,-178.333682
0.03875,Kure Atoll,NOAA NCCOS,28.406508,-178.225884
0.103125,Kure Atoll,NOAA NCCOS,28.374732,-178.369614
0.155625,Kure Atoll,NOAA NCCOS,28.374732,-178.333682
0.164375,Kure Atoll,NOAA NCCOS,28.374732,-178.297749
0.00125,Kure Atoll,NOAA NCCOS,28.374732,-178.261817
0.256249,Midway Islands,NOAA NCCOS,28.311152,-177.363501
0.324999,Midway Islands,NOAA NCCOS,28.279348,-177.399434
0.166875,Midway Islands,NOAA NCCOS,28.279348,-177.327569
0.661875,Midway Islands,NOAA NCCOS,28.247533,-177.399434
0.021875,Midway Islands,NOAA NCCOS,28.247533,-177.363501
0.319999,Midway Islands,NOAA NCCOS,28.247533,-177.327569
0.162499,Midway Islands,NOAA NCCOS,28.247533,-177.291636
0.149375,Midway Islands,NOAA NCCOS,28.21571,-177.399434
0.419999,Midway Islands,NOAA NCCOS,28.21571,-177.291636
0.2175,Midway Islands,NOAA NCCOS,28.183876,-177.399434
0.25,Midway Islands,NOAA NCCOS,28.152033,-177.363501
0.171875,Midway Islands,NOAA NCCOS,28.152033,-177.327569
0.215445,Pearl and Hermes Atoll,NOAA NCCOS,27.992675,-175.818399
0.158534,Pearl and Hermes Atoll,NOAA NCCOS,27.992675,-175.782466
0.051151,Pearl and Hermes Atoll,NOAA NCCOS,27.960775,-175.854332
0.148711,Pearl and Hermes Atoll,NOAA NCCOS,27.960775,-175.674669
0.137871,Pearl and Hermes Atoll,NOAA NCCOS,27.928865,-175.890264
0.203927,Pearl and Hermes Atoll,NOAA NCCOS,27.928865,-175.854332
0.089768,Pearl and Hermes Atoll,NOAA NCCOS,27.928865,-175.818399
0.02439,Pearl and Hermes Atoll,NOAA NCCOS,27.928865,-175.782466
0.302165,Pearl and Hermes Atoll,NOAA NCCOS,27.928865,-175.674669
0.003387,Pearl and Hermes Atoll,NOAA NCCOS,27.896946,-175.962129
0.217816,Pearl and Hermes Atoll,NOAA NCCOS,27.896946,-175.926197
0.131096,Pearl and Hermes Atoll,NOAA NCCOS,27.896946,-175.890264
0.029471,Pearl and Hermes Atoll,NOAA NCCOS,27.896946,-175.854332
0.095527,Pearl and Hermes Atoll,NOAA NCCOS,27.896946,-175.818399
0.163955,Pearl and Hermes Atoll,NOAA NCCOS,27.896946,-175.782466
0.412597,Pearl and Hermes Atoll,NOAA NCCOS,27.896946,-175.674669
0.022357,Pearl and Hermes Atoll,NOAA NCCOS,27.865017,-175.962129
0.230688,Pearl and Hermes Atoll,NOAA NCCOS,27.865017,-175.926197
0.257111,Pearl and Hermes Atoll,NOAA NCCOS,27.865017,-175.818399
0.117207,Pearl and Hermes Atoll,NOAA NCCOS,27.865017,-175.782466
0.429196,Pearl and Hermes Atoll,NOAA NCCOS,27.865017,-175.674669
0.042682,Pearl and Hermes Atoll,NOAA NCCOS,27.833079,-175.962129
0.542,Pearl and Hermes Atoll,NOAA NCCOS,27.833079,-175.926197
0.321812,Pearl and Hermes Atoll,NOAA NCCOS,27.833079,-175.818399
0.101625,Pearl and Hermes Atoll,NOAA NCCOS,27.833079,-175.782466
0.340782,Pearl and Hermes Atoll,NOAA NCCOS,27.833079,-175.746534
0.542,Pearl and Hermes Atoll,NOAA NCCOS,27.801131,-175.962129
0.410564,Pearl and Hermes Atoll,NOAA NCCOS,27.801131,-175.854332
0.542,Pearl and Hermes Atoll,NOAA NCCOS,27.769173,-175.962129
0.177843,Pearl and Hermes Atoll,NOAA NCCOS,27.769173,-175.890264
0.007452,Pearl and Hermes Atoll,NOAA NCCOS,27.769173,-175.854332
0.023035,Pearl and Hermes Atoll,NOAA NCCOS,27.737207,-175.962129
0.001693,Pearl and Hermes Atoll,NOAA NCCOS,27.737207,-175.926197
0.242206,Pearl and Hermes Atoll,NOAA NCCOS,27.737207,-175.818399
0.385836,Pearl and Hermes Atoll,NOAA NCCOS,27.737207,-175.782466
0.126692,Pearl and Hermes Atoll,NOAA NCCOS,27.737207,-175.746534
0.003004,Lisianski Island,NOAA NCCOS,26.094491,-174.021768
0.145907,Lisianski Island,NOAA NCCOS,26.094491,-173.878038
0.171387,Lisianski Island,NOAA NCCOS,26.062041,-174.021768
0.1923,Lisianski Island,NOAA NCCOS,26.062041,-173.878038
0.3,Pioneer Bank,WCMC 2010,26.062041,-173.446847
0.3,Pioneer Bank,WCMC 2010,26.062041,-173.410914
0.3,Pioneer Bank,WCMC 2010,26.062041,-173.374981
0.3,Pioneer Bank,WCMC 2010,26.062041,-173.339049
0.1923,Lisianski Island,NOAA NCCOS,26.029582,-174.021768
0.1923,Lisianski Island,NOAA NCCOS,26.029582,-173.878038
0.3,Pioneer Bank,WCMC 2010,26.029582,-173.446847
0.3,Pioneer Bank,WCMC 2010,26.029582,-173.374981
0.3,Pioneer Bank,WCMC 2010,26.029582,-173.303116
0.152277,Lisianski Island,NOAA NCCOS,25.997114,-173.878038
0.3,Pioneer Bank,WCMC 2010,25.997114,-173.446847
0.3,Pioneer Bank,WCMC 2010,25.997114,-173.410914
0.3,Pioneer Bank,WCMC 2010,25.997114,-173.374981
0.3,Pioneer Bank,WCMC 2010,25.997114,-173.339049
0.3,Pioneer Bank,WCMC 2010,25.997114,-173.303116
0.004687,Lisianski Island,NOAA NCCOS,25.964636,-174.021768
0.1923,Lisianski Island,NOAA NCCOS,25.964636,-173.985836
0.1923,Lisianski Island,NOAA NCCOS,25.964636,-173.949903
0.1923,Lisianski Island,NOAA NCCOS,25.964636,-173.913971
0.093025,Lisianski Island,NOAA NCCOS,25.964636,-173.878038
0.3,Pioneer Bank,WCMC 2010,25.964636,-173.410914
0.038219,Lisianski Island,NOAA NCCOS,25.93215,-173.949903
0.04543,Lisianski Island,NOAA NCCOS,25.93215,-173.913971
0.003004,Lisianski Island,NOAA NCCOS,25.93215,-173.878038
0.3,Pioneer Bank,WCMC 2010,25.93215,-173.446847
0.3,Pioneer Bank,WCMC 2010,25.93215,-173.410914
0.139201,Laysan Island,NOAA NCCOS,25.834637,-171.722081
0.050949,Laysan Island,NOAA NCCOS,25.802115,-171.758014
0.001819,Laysan Island,NOAA NCCOS,25.802115,-171.650216
0.293869,Laysan Island,NOAA NCCOS,25.769583,-171.758014
0.020925,Laysan Island,NOAA NCCOS,25.769583,-171.650216
0.206527,Laysan Island,NOAA NCCOS,25.737043,-171.722081
0.000909,Laysan Island,NOAA NCCOS,25.704493,-171.793947
0.002729,Laysan Island,NOAA NCCOS,25.704493,-171.758014
0.1075,Laysan West pinnacle,WCMC 2010,25.639367,-172.512599
0.355625,Laysan West pinnacle,WCMC 2010,25.606791,-172.512599
0.320625,Laysan West pinnacle,WCMC 2010,25.606791,-172.476666
0.3,Raita Bank,WCMC 2010,25.606791,-169.530192
0.3,Raita Bank,WCMC 2010,25.606791,-169.494259
0.3,Raita Bank,WCMC 2010,25.606791,-169.386462
0.23125,Laysan West pinnacle,WCMC 2010,25.574205,-172.440734
0.05125,Laysan West pinnacle,WCMC 2010,25.574205,-172.368868
0.286875,Laysan West pinnacle,WCMC 2010,25.574205,-172.332936
0.3,Raita Bank,WCMC 2010,25.574205,-169.566125
0.3,Raita Bank,WCMC 2010,25.574205,-169.530192
0.3,Raita Bank,WCMC 2010,25.574205,-169.494259
0.3,Raita Bank,WCMC 2010,25.574205,-169.386462
0.3,Laysan West pinnacle,WCMC 2010,25.541611,-172.404801
0.3,Laysan West pinnacle,WCMC 2010,25.541611,-172.368868
0.073043,Maro Reef,NOAA NCCOS,25.541611,-170.644103
0.027125,Maro Reef,NOAA NCCOS,25.541611,-170.60817
0.035068,Maro Reef,NOAA NCCOS,25.541611,-170.536305
0.3,Raita Bank,WCMC 2010,25.541611,-169.566125
0.3,Raita Bank,WCMC 2010,25.541611,-169.458327
0.3,Raita Bank,WCMC 2010,25.541611,-169.422394
0.3,Raita Bank,WCMC 2010,25.541611,-169.386462
0.3,Laysan West pinnacle,WCMC 2010,25.509008,-172.440734
0.3,Laysan West pinnacle,WCMC 2010,25.509008,-172.404801
0.104431,Maro Reef,NOAA NCCOS,25.509008,-170.500373
0.015887,Maro Reef,NOAA NCCOS,25.509008,-170.46444
0.3,Raita Bank,WCMC 2010,25.509008,-169.602057
0.3,Raita Bank,WCMC 2010,25.509008,-169.566125
0.3,Raita Bank,WCMC 2010,25.509008,-169.458327
0.3,Raita Bank,WCMC 2010,25.509008,-169.422394
0.3,Raita Bank,WCMC 2010,25.509008,-169.386462
0.3,Laysan West pinnacle,WCMC 2010,25.476395,-172.404801
0.111793,Maro Reef,NOAA NCCOS,25.476395,-170.46444
0.00029,Maro Reef,NOAA NCCOS,25.476395,-170.428507
0.3,Raita Bank,WCMC 2010,25.476395,-169.63799
0.3,Raita Bank,WCMC 2010,25.476395,-169.530192
0.3,Raita Bank,WCMC 2010,25.476395,-169.494259
0.114215,Maro Reef,NOAA NCCOS,25.443774,-170.46444
0.06539,Maro Reef,NOAA NCCOS,25.443774,-170.428507
0.3,Raita Bank,WCMC 2010,25.443774,-169.673922
0.3,Raita Bank,WCMC 2010,25.443774,-169.63799
0.3,Raita Bank,WCMC 2010,25.443774,-169.530192
0.3,Laysan South Pinnacle,WCMC 2010,25.411144,-172.081407
0.019665,Maro Reef,NOAA NCCOS,25.411144,-170.680036
0.121481,Maro Reef,NOAA NCCOS,25.411144,-170.428507
0.3,Raita Bank,WCMC 2010,25.411144,-169.673922
0.3,Raita Bank,WCMC 2010,25.411144,-169.63799
0.3,Laysan South Pinnacle,WCMC 2010,25.378505,-172.081407
0.072365,Maro Reef,NOAA NCCOS,25.378505,-170.680036
0.143278,Maro Reef,NOAA NCCOS,25.378505,-170.428507
0.3,Raita Bank,WCMC 2010,25.378505,-169.63799
0.3,Raita Bank,WCMC 2010,25.378505,-169.602057
0.3,Raita Bank,WCMC 2010,25.378505,-169.566125
0.3,Laysan South Pinnacle,WCMC 2010,25.345857,-172.081407
0.3,Laysan South Pinnacle,WCMC 2010,25.345857,-172.045475
0.3,Laysan South Pinnacle,WCMC 2010,25.345857,-172.009542
0.146862,Maro Reef,NOAA NCCOS,25.345857,-170.644103
0.141437,Maro Reef,NOAA NCCOS,25.345857,-170.60817
0.073334,Maro Reef,NOAA NCCOS,25.345857,-170.572238
0.155,Maro Reef,NOAA NCCOS,25.345857,-170.428507
0.3,Raita Bank,WCMC 2010,25.345857,-169.602057
0.007168,Maro Reef,NOAA NCCOS,25.3132,-170.572238
0.155,Maro Reef,NOAA NCCOS,25.3132,-170.536305
0.118865,Maro Reef,NOAA NCCOS,25.3132,-170.500373
0.079437,Maro Reef,NOAA NCCOS,25.3132,-170.46444
0.000581,Maro Reef,NOAA NCCOS,25.3132,-170.428507
0.104375,Gardner Pinnacles,EAT,24.986142,-167.949157
0.3,Bank west of St. Rogatien Bank,WCMC 2010,24.62536,-167.30237
0.381249,Bank west of St. Rogatien Bank,WCMC 2010,24.62536,-167.266438
0.939374,Bank west of St. Rogatien Bank,WCMC 2010,24.592509,-167.30237
1,St. Rogatien Bank,WCMC 2010,24.395221,-167.15864
1,St. Rogatien Bank,WCMC 2010,24.395221,-167.122707
1,St. Rogatien Bank,WCMC 2010,24.395221,-167.086774
1,St. Rogatien Bank,WCMC 2010,24.362309,-167.15864
1,St. Rogatien Bank,WCMC 2010,24.362309,-167.122707
1,St. Rogatien Bank,WCMC 2010,24.362309,-167.086774
0.3,St. Rogatien Bank,WCMC 2010,24.263522,-167.15864
1,St. Rogatien Bank,WCMC 2010,24.263522,-167.122707
0.3,St. Rogatien Bank,WCMC 2010,24.263522,-167.086774
0.48875,St. Rogatien SE Bank 1,WCMC 2010,24.263522,-166.978977
0.283125,St. Rogatien SE Bank 1,WCMC 2010,24.263522,-166.943044
0.489375,St. Rogatien Bank,WCMC 2010,24.230576,-167.15864
1,St. Rogatien Bank,WCMC 2010,24.230576,-167.122707
0.9875,St. Rogatien SE Bank 1,WCMC 2010,24.230576,-166.978977
0.971875,St. Rogatien SE Bank 1,WCMC 2010,24.230576,-166.943044
1,St. Rogatien SE Bank 1,WCMC 2010,24.197621,-166.978977
0.3,St. Rogatien SE Bank 1,WCMC 2010,24.164657,-166.978977
0.926249,St. Rogatien SE Bank 2,WCMC 2010,24.131685,-166.799314
1,St. Rogatien SE Bank 2,WCMC 2010,24.098705,-166.799314
0.498124,St. Rogatien SE Bank 2,WCMC 2010,24.065715,-166.835246
0.395,St. Rogatien SE Bank 2,WCMC 2010,24.065715,-166.799314
0.478749,St. Rogatien SE Bank 3,WCMC 2010,23.999711,-166.691516
0.1225,St. Rogatien SE Bank 3,WCMC 2010,23.966696,-166.727448
0.4575,St. Rogatien SE Bank 3,WCMC 2010,23.966696,-166.691516
0.03175,French Frigate Shoals,NOAA NCCOS,23.867599,-166.33219
0.46105,French Frigate Shoals,NOAA NCCOS,23.867599,-166.296257
0.333154,French Frigate Shoals,NOAA NCCOS,23.867599,-166.116594
0.008049,French Frigate Shoals,NOAA NCCOS,23.867599,-166.080661
0.007602,French Frigate Shoals,NOAA NCCOS,23.83455,-166.296257
0.057687,French Frigate Shoals,NOAA NCCOS,23.83455,-166.260324
0.013862,French Frigate Shoals,NOAA NCCOS,23.801492,-166.260324
0.66139,French Frigate Shoals,NOAA NCCOS,23.801492,-166.224392
0.7155,French Frigate Shoals,NOAA NCCOS,23.801492,-166.188459
0.579555,French Frigate Shoals,NOAA NCCOS,23.801492,-166.152527
0.006707,French Frigate Shoals,NOAA NCCOS,23.768426,-166.260324
0.260263,French Frigate Shoals,NOAA NCCOS,23.768426,-166.224392
0.531705,French Frigate Shoals,NOAA NCCOS,23.768426,-166.188459
0.7155,French Frigate Shoals,NOAA NCCOS,23.768426,-166.152527
0.7155,French Frigate Shoals,NOAA NCCOS,23.768426,-166.116594
0.7155,French Frigate Shoals,NOAA NCCOS,23.768426,-166.080661
0.099275,French Frigate Shoals,NOAA NCCOS,23.768426,-166.044729
0.032644,French Frigate Shoals,NOAA NCCOS,23.735351,-166.188459
0.25266,French Frigate Shoals,NOAA NCCOS,23.735351,-166.152527
0.091226,French Frigate Shoals,NOAA NCCOS,23.735351,-166.116594
0.190949,French Frigate Shoals,NOAA NCCOS,23.735351,-166.080661
0.184241,French Frigate Shoals,NOAA NCCOS,23.735351,-166.044729
0.004024,French Frigate Shoals,NOAA NCCOS,23.702268,-166.188459
0.153385,French Frigate Shoals,NOAA NCCOS,23.702268,-166.152527
0.053215,French Frigate Shoals,NOAA NCCOS,23.702268,-166.116594
0.157857,French Frigate Shoals,NOAA NCCOS,23.702268,-166.080661
0.047401,French Frigate Shoals,NOAA NCCOS,23.702268,-166.044729
0.029514,French Frigate Shoals,NOAA NCCOS,23.669176,-166.224392
0.283516,French Frigate Shoals,NOAA NCCOS,23.669176,-166.188459
0.011179,French Frigate Shoals,NOAA NCCOS,23.636076,-166.224392
0.047849,French Frigate Shoals,NOAA NCCOS,23.636076,-166.188459
0.105983,French Frigate Shoals,NOAA NCCOS,23.636076,-166.152527
0.132814,French Frigate Shoals,NOAA NCCOS,23.636076,-166.116594
0.196315,French Frigate Shoals,NOAA NCCOS,23.636076,-166.080661
0.002311,Necker Island,NOAA NCCOS,23.56985,-164.715222
0.000749,Necker Island,NOAA NCCOS,23.56985,-164.67929
0.024375,Nihoa Island,NOAA NCCOS,23.072085,-161.912478
0.3,NW Main Hawaiin Bank 1,WCMC 2010,23.005574,-162.307737
1,NW Main Hawaiin Bank 1,WCMC 2010,23.005574,-162.271805
1,NW Main Hawaiin Bank 1,WCMC 2010,23.005574,-162.235872
1,NW Main Hawaiin Bank 1,WCMC 2010,23.005574,-162.199939
1,NW Main Hawaiin Bank 1,WCMC 2010,23.005574,-162.164007
1,NW Main Hawaiin Bank 1,WCMC 2010,22.972306,-162.271805
1,NW Main Hawaiin Bank 1,WCMC 2010,22.972306,-162.235872
1,NW Main Hawaiin Bank 1,WCMC 2010,22.972306,-162.199939
1,NW Main Hawaiin Bank 1,WCMC 2010,22.972306,-162.164007
1,NW Main Hawaiin Bank 1,WCMC 2010,22.93903,-162.199939
0.3,NW Main Hawaiin Bank 1,WCMC 2010,22.93903,-162.164007
0.570625,NW Main Hawaiin Bank 2,WCMC 2010,22.739201,-161.086028
0.983749,NW Main Hawaiin Bank 2,WCMC 2010,22.739201,-161.050096
0.8,NW Main Hawaiin Bank 2,WCMC 2010,22.739201,-161.014163
0.088125,NW Main Hawaiin Bank 2,WCMC 2010,22.739201,-160.978231
0.7925,NW Main Hawaiin Bank 2,WCMC 2010,22.705867,-161.086028
1,NW Main Hawaiin Bank 2,WCMC 2010,22.705867,-161.050096
1,NW Main Hawaiin Bank 2,WCMC 2010,22.705867,-161.014163
0.395625,NW Main Hawaiin Bank 2,WCMC 2010,22.705867,-160.978231
0.108125,NW Main Hawaiin Bank 2,WCMC 2010,22.672525,-161.086028
0.957499,NW Main Hawaiin Bank 2,WCMC 2010,22.672525,-161.050096
0.635625,NW Main Hawaiin Bank 2,WCMC 2010,22.672525,-161.014163
0.055,NW Main Hawaiin Bank 2,WCMC 2010,22.672525,-160.978231
0.0525,NW Main Hawaiin Bank 2,WCMC 2010,22.639175,-161.050096
0.124375,Kaula,NOAA NCCOS,21.668494,-160.547039
0.011875,Kaula,NOAA NCCOS,21.668494,-160.511107
0.11875,Kaula,NOAA NCCOS,21.634903,-160.547039
0.806249,Johnnston Atoll,WCMC 2010,16.824114,-169.494259
0.569374,Johnnston Atoll,WCMC 2010,16.824114,-169.458327
0.051875,Johnnston Atoll,WCMC 2010,16.824114,-169.386462
0.6025,Johnnston Atoll,WCMC 2010,16.789504,-169.530192
0.160625,Johnnston Atoll,WCMC 2010,16.789504,-169.386462
0.241874,Johnnston Atoll,WCMC 2010,16.754887,-169.566125
0.29875,Johnnston Atoll,WCMC 2010,16.720264,-169.566125
0.375625,Johnnston Atoll,WCMC 2010,16.720264,-169.386462
0.314375,Johnnston Atoll,WCMC 2010,16.720264,-169.350529
0.023125,Johnnston Atoll,WCMC 2010,16.685635,-169.566125
0.265625,Johnnston Atoll,WCMC 2010,16.685635,-169.530192
0.918124,Johnnston Atoll,WCMC 2010,16.685635,-169.494259
0.46625,Johnnston Atoll,WCMC 2010,16.685635,-169.458327
0.048125,Johnnston Atoll,WCMC 2010,16.685635,-169.422394
0.38,Bank west of St. Rogatien Bank,WCMC 2010,24.592509,-167.266438
1,St. Rogatien Bank,WCMC 2010,24.329389,-167.15864
1,St. Rogatien Bank,WCMC 2010,24.329389,-167.122707
1,St. Rogatien Bank,WCMC 2010,24.329389,-167.086774
0.3,St. Rogatien SE Bank 1,WCMC 2010,24.164657,-166.943044
1,St. Rogatien SE Bank 1,WCMC 2010,24.197621,-166.943044
0.1,St. Rogatien SE Bank 3,WCMC 2010,23.999711,-166.727448
0.8,St. Rogatien SE Bank 2,WCMC 2010,24.131685,-166.835246
1,St. Rogatien SE Bank 2,WCMC 2010,24.098705,-166.835246
0.52,St. Rogatien SE Bank 2,WCMC 2010,24.098705,-166.871179
0.011743,Kauai,Erik Franklin,22.238336,-159.612791
0.030524,Kauai,Erik Franklin,22.238336,-159.576859
0.034725,Kauai,Erik Franklin,22.238336,-159.540926
0.007308,Kauai,Erik Franklin,22.238336,-159.504993
0.012429,Kauai,Erik Franklin,22.238336,-159.469061
0.010138,Kauai,Erik Franklin,22.238336,-159.433128
0.007176,Kauai,Erik Franklin,22.238336,-159.397196
0.008657,Kauai,Erik Franklin,22.238336,-159.361263
0.005911,Kauai,Erik Franklin,22.238336,-159.32533
0.00178,Kauai,Erik Franklin,22.20488,-159.720589
0.00757,Kauai,Erik Franklin,22.20488,-159.684657
0.004362,Kauai,Erik Franklin,22.20488,-159.648724
0.000654,Kauai,Erik Franklin,22.171416,-159.756522
0.005138,Kauai,Erik Franklin,22.171416,-159.720589
0.009465,Kauai,Erik Franklin,22.171416,-159.253465
0.01747,Kauai,Erik Franklin,22.137944,-159.792454
0.0509,Kauai,Erik Franklin,22.137944,-159.756522
0.001914,Kauai,Erik Franklin,22.137944,-159.253465
0.010859,Kauai,Erik Franklin,22.137944,-159.217533
0.04783,Kauai,Erik Franklin,22.104464,-159.792454
0.006365,Kauai,Erik Franklin,22.104464,-159.217533
0.025241,Kauai,Erik Franklin,22.070976,-159.828387
0.006721,Kauai,Erik Franklin,22.070976,-159.253465
0.005247,Kauai,Erik Franklin,22.070976,-159.217533
0.011863,Niihau,Erik Franklin,22.03748,-160.15178
0.004423,Niihau,Erik Franklin,22.03748,-160.115848
0.010342,Niihau,Erik Franklin,22.03748,-160.079915
0.000185,Niihau,Erik Franklin,22.03748,-160.043983
0.005047,Kauai,Erik Franklin,22.03748,-159.828387
0.011987,Kauai,Erik Franklin,22.03748,-159.253465
0.000945,Niihau,Erik Franklin,22.003975,-160.187713
0.005578,Niihau,Erik Franklin,22.003975,-160.15178
0.004274,Kauai,Erik Franklin,22.003975,-159.828387
0.006958,Kauai,Erik Franklin,22.003975,-159.253465
0.014778,Niihau,Erik Franklin,21.970463,-160.187713
0.007008,Niihau,Erik Franklin,21.970463,-160.00805
0.000386,Kauai,Erik Franklin,21.970463,-159.792454
0.002077,Kauai,Erik Franklin,21.970463,-159.756522
0.00162,Kauai,Erik Franklin,21.970463,-159.720589
0.007439,Kauai,Erik Franklin,21.970463,-159.253465
0.011111,Niihau,Erik Franklin,21.936943,-160.223646
0.0077,Niihau,Erik Franklin,21.936943,-160.187713
0.013817,Niihau,Erik Franklin,21.936943,-160.043983
0.005836,Kauai,Erik Franklin,21.936943,-159.720589
0.006304,Kauai,Erik Franklin,21.936943,-159.684657
0.002985,Kauai,Erik Franklin,21.936943,-159.253465
0.018121,Niihau,Erik Franklin,21.903415,-160.223646
0.004532,Niihau,Erik Franklin,21.903415,-160.00805
0.000313,Kauai,Erik Franklin,21.903415,-159.684657
0.014451,Kauai,Erik Franklin,21.903415,-159.648724
0.003194,Kauai,Erik Franklin,21.903415,-159.289398
0.014977,Niihau,Erik Franklin,21.869879,-160.259578
0.00195,Niihau,Erik Franklin,21.869879,-160.00805
0.004038,Kauai,Erik Franklin,21.869879,-159.612791
0.002058,Kauai,Erik Franklin,21.869879,-159.576859
0.00403,Kauai,Erik Franklin,21.869879,-159.540926
0.006373,Kauai,Erik Franklin,21.869879,-159.504993
0.010586,Kauai,Erik Franklin,21.869879,-159.397196
0.005493,Kauai,Erik Franklin,21.869879,-159.361263
0.003992,Kauai,Erik Franklin,21.869879,-159.32533
0.005954,Niihau,Erik Franklin,21.836334,-160.259578
0.000113,Niihau,Erik Franklin,21.836334,-160.115848
0.005317,Niihau,Erik Franklin,21.836334,-160.079915
0.002497,Niihau,Erik Franklin,21.836334,-160.043983
0.002239,Kauai,Erik Franklin,21.836334,-159.469061
0.005988,Kauai,Erik Franklin,21.836334,-159.433128
0.005802,Niihau,Erik Franklin,21.802782,-160.259578
0.00216,Niihau,Erik Franklin,21.802782,-160.15178
0.000229,Niihau,Erik Franklin,21.769222,-160.259578
0.011607,Niihau,Erik Franklin,21.769222,-160.223646
0.006455,Niihau,Erik Franklin,21.769222,-160.187713
0.000546,Niihau,Erik Franklin,21.769222,-160.15178
0.031139,Oahu,Erik Franklin,21.735654,-157.959891
0.033963,Oahu,Erik Franklin,21.702078,-158.031756
0.021571,Oahu,Erik Franklin,21.702078,-157.995824
0.019156,Oahu,Erik Franklin,21.702078,-157.923959
0.030548,Oahu,Erik Franklin,21.702078,-157.888026
0.043108,Oahu,Erik Franklin,21.702078,-157.852093
0.008832,Oahu,Erik Franklin,21.668494,-158.103622
0.025413,Oahu,Erik Franklin,21.668494,-158.067689
0.052282,Oahu,Erik Franklin,21.668494,-157.852093
0.024886,Oahu,Erik Franklin,21.634903,-158.139554
0.005573,Oahu,Erik Franklin,21.634903,-158.103622
0.043606,Oahu,Erik Franklin,21.634903,-157.852093
0.03449,Oahu,Erik Franklin,21.634903,-157.816161
0.022596,Oahu,Erik Franklin,21.601303,-158.283285
0.029457,Oahu,Erik Franklin,21.601303,-158.247352
0.032672,Oahu,Erik Franklin,21.601303,-158.211419
0.023748,Oahu,Erik Franklin,21.601303,-158.175487
0.017395,Oahu,Erik Franklin,21.601303,-158.139554
0.000694,Oahu,Erik Franklin,21.601303,-157.816161
0.074285,Oahu,Erik Franklin,21.601303,-157.780228
0.005457,Oahu,Erik Franklin,21.567695,-158.319217
0.027991,Oahu,Erik Franklin,21.567695,-158.283285
0.115529,Oahu,Erik Franklin,21.567695,-157.780228
0.00146,Oahu,Erik Franklin,21.53408,-158.283285
0.010397,Oahu,Erik Franklin,21.53408,-158.247352
0.125983,Oahu,Erik Franklin,21.53408,-157.780228
0.000348,Oahu,Erik Franklin,21.53408,-157.744296
0.008724,Oahu,Erik Franklin,21.500456,-158.247352
0.001013,Oahu,Erik Franklin,21.500456,-157.780228
0.092354,Oahu,Erik Franklin,21.500456,-157.744296
0.040628,Oahu,Erik Franklin,21.500456,-157.708363
0.007373,Oahu,Erik Franklin,21.466825,-158.247352
0.01625,Oahu,Erik Franklin,21.466825,-157.744296
0.00435,Oahu,Erik Franklin,21.466825,-157.708363
0.001777,Oahu,Erik Franklin,21.466825,-157.67243
0.018287,Oahu,Erik Franklin,21.433186,-158.211419
0.095506,Oahu,Erik Franklin,21.433186,-157.67243
0.014712,Oahu,Erik Franklin,21.399539,-158.211419
0.150184,Oahu,Erik Franklin,21.399539,-157.67243
0.004796,Oahu,Erik Franklin,21.399539,-157.636498
0.02668,Oahu,Erik Franklin,21.365885,-158.211419
0.008311,Oahu,Erik Franklin,21.365885,-158.175487
0.101547,Oahu,Erik Franklin,21.365885,-157.636498
0.016383,Oahu,Erik Franklin,21.332222,-158.175487
0.023944,Oahu,Erik Franklin,21.332222,-158.139554
0.031712,Oahu,Erik Franklin,21.332222,-157.600565
0.027778,Oahu,Erik Franklin,21.298552,-158.139554
0.052432,Oahu,Erik Franklin,21.298552,-158.103622
0.029472,Oahu,Erik Franklin,21.298552,-158.067689
0.032334,Oahu,Erik Franklin,21.298552,-158.031756
0.063491,Oahu,Erik Franklin,21.298552,-157.995824
0.017858,Oahu,Erik Franklin,21.264873,-157.995824
0.036664,Oahu,Erik Franklin,21.264873,-157.959891
0.022569,Oahu,Erik Franklin,21.264873,-157.923959
0.037307,Oahu,Erik Franklin,21.264873,-157.888026
0.013277,Oahu,Erik Franklin,21.264873,-157.852093
0.000348,Oahu,Erik Franklin,21.231187,-157.852093
0.0134,Oahu,Erik Franklin,21.231187,-157.816161
0.029987,Oahu,Erik Franklin,21.231187,-157.780228
0.035396,Oahu,Erik Franklin,21.231187,-157.744296
0.016345,Oahu,Erik Franklin,21.231187,-157.708363
0.015863,Oahu,Erik Franklin,21.231187,-157.67243
0.015856,Molokai,Erik Franklin,21.231187,-157.277172
0.006634,Molokai,Erik Franklin,21.231187,-157.241239
0.011232,Molokai,Erik Franklin,21.231187,-157.205306
0.020322,Molokai,Erik Franklin,21.231187,-157.169374
0.006946,Molokai,Erik Franklin,21.231187,-157.133441
0.002767,Molokai,Erik Franklin,21.231187,-157.097509
0.01372,Molokai,Erik Franklin,21.231187,-156.989711
0.010622,Molokai,Erik Franklin,21.231187,-156.953778
0.020252,Molokai,Erik Franklin,21.197494,-157.313104
0.004844,Molokai,Erik Franklin,21.197494,-157.061576
0.007043,Molokai,Erik Franklin,21.197494,-157.025643
0.005086,Molokai,Erik Franklin,21.197494,-156.917845
0.008349,Molokai,Erik Franklin,21.197494,-156.881913
0.007702,Molokai,Erik Franklin,21.197494,-156.84598
0.013571,Molokai,Erik Franklin,21.197494,-156.810048
0.0131,Molokai,Erik Franklin,21.197494,-156.774115
0.009217,Molokai,Erik Franklin,21.197494,-156.738182
0.003761,Molokai,Erik Franklin,21.163792,-157.313104
0.000433,Molokai,Erik Franklin,21.163792,-156.666317
0.029284, ,Erik Franklin,21.130083,-157.349037
0.001055,Molokai,Erik Franklin,21.130083,-156.666317
0.011698, ,Erik Franklin,21.096366,-157.349037
0.031561,Molokai,Erik Franklin,21.096366,-157.313104
0.020153,Molokai,Erik Franklin,21.096366,-157.277172
0.010842,Molokai,Erik Franklin,21.096366,-157.241239
0.018889,Molokai,Erik Franklin,21.096366,-157.205306
0.019942,Molokai,Erik Franklin,21.096366,-157.169374
0.047886,Molokai,Erik Franklin,21.096366,-157.133441
0.059399,Molokai,Erik Franklin,21.096366,-157.097509
0.078315,Molokai,Erik Franklin,21.096366,-157.061576
0.072429,Molokai,Erik Franklin,21.096366,-157.025643
0.012671,Molokai,Erik Franklin,21.096366,-156.70225
0.045608,Molokai,Erik Franklin,21.062641,-156.989711
0.043556,Molokai,Erik Franklin,21.062641,-156.953778
0.077846,Molokai,Erik Franklin,21.062641,-156.917845
0.00296,Molokai,Erik Franklin,21.062641,-156.881913
0.019293,Molokai,Erik Franklin,21.062641,-156.84598
0.0525,Molokai,Erik Franklin,21.062641,-156.810048
0.033046,Molokai,Erik Franklin,21.062641,-156.774115
0.008549,Molokai,Erik Franklin,21.062641,-156.738182
0.114331,Molokai,Erik Franklin,21.028908,-156.881913
0.059219,Molokai,Erik Franklin,21.028908,-156.84598
0.008601,Mauai,Erik Franklin,21.028908,-156.70225
0.003996,Mauai,Erik Franklin,21.028908,-156.666317
0.011519,Mauai,Erik Franklin,21.028908,-156.630385
0.007708,Mauai,Erik Franklin,21.028908,-156.594452
0.006333,Mauai,Erik Franklin,21.028908,-156.558519
0.000264,Mauai,Erik Franklin,21.028908,-156.522587
0.005167,Mauai,Erik Franklin,20.995168,-156.70225
0.022517,Mauai,Erik Franklin,20.995168,-156.486654
0.04301,Mauai,Erik Franklin,20.995168,-156.450722
0.035551,Lanai,Erik Franklin,20.96142,-157.025643
0.046699,Lanai,Erik Franklin,20.96142,-156.989711
0.106503,Lanai,Erik Franklin,20.96142,-156.953778
0.09573,Lanai,Erik Franklin,20.96142,-156.917845
0.006264,Lanai,Erik Franklin,20.96142,-156.881913
0.019552,Lanai,Erik Franklin,20.96142,-156.84598
0.178736,Lanai,Erik Franklin,20.96142,-156.810048
0.016466,Mauai,Erik Franklin,20.96142,-156.70225
0.04019,Mauai,Erik Franklin,20.96142,-156.450722
0.01544,Mauai,Erik Franklin,20.96142,-156.378856
0.011439,Mauai,Erik Franklin,20.96142,-156.342924
0.010003,Mauai,Erik Franklin,20.96142,-156.306991
0.005415,Mauai,Erik Franklin,20.96142,-156.271058
0.004003,Mauai,Erik Franklin,20.96142,-156.235126
0.001122,Lanai,Erik Franklin,20.927664,-157.061576
0.032194,Lanai,Erik Franklin,20.927664,-156.810048
0.012708,Mauai,Erik Franklin,20.927664,-156.738182
0.050879,Mauai,Erik Franklin,20.927664,-156.414789
0.003533,Mauai,Erik Franklin,20.927664,-156.199193
0.00299,Mauai,Erik Franklin,20.927664,-156.163261
0.003411,Mauai,Erik Franklin,20.927664,-156.127328
0.011773,Mauai,Erik Franklin,20.927664,-156.091395
0.014419,Lanai,Erik Franklin,20.893901,-157.097509
0.143922,Lanai,Erik Franklin,20.893901,-156.774115
0.028549,Mauai,Erik Franklin,20.893901,-156.70225
0.003246,Mauai,Erik Franklin,20.893901,-156.091395
0.004124,Lanai,Erik Franklin,20.86013,-157.061576
0.012269,Lanai,Erik Franklin,20.86013,-156.774115
0.029142,Mauai,Erik Franklin,20.86013,-156.666317
0.011472,Mauai,Erik Franklin,20.86013,-156.091395
0.006452,Mauai,Erik Franklin,20.86013,-156.055463
0.009427,Lanai,Erik Franklin,20.826351,-157.025643
0.063478,Lanai,Erik Franklin,20.826351,-156.738182
0.001152,Mauai,Erik Franklin,20.826351,-156.055463
0.009278,Mauai,Erik Franklin,20.826351,-156.01953
0.00811,Mauai,Erik Franklin,20.826351,-155.983598
0.007304,Lanai,Erik Franklin,20.792565,-157.025643
0.016346,Lanai,Erik Franklin,20.792565,-156.738182
0.037986,Mauai,Erik Franklin,20.792565,-156.666317
0.068274,Mauai,Erik Franklin,20.792565,-156.630385
0.001847,Mauai,Erik Franklin,20.792565,-155.947665
0.006142,Lanai,Erik Franklin,20.758771,-157.025643
0.002191,Lanai,Erik Franklin,20.758771,-156.774115
0.043401,Mauai,Erik Franklin,20.758771,-156.594452
0.013685,Mauai,Erik Franklin,20.758771,-156.558519
0.03294,Mauai,Erik Franklin,20.758771,-156.522587
0.113984,Mauai,Erik Franklin,20.758771,-156.486654
0.009922,Mauai,Erik Franklin,20.758771,-155.947665
0.002984,Lanai,Erik Franklin,20.724969,-156.989711
0.003028,Lanai,Erik Franklin,20.724969,-156.953778
0.007511,Lanai,Erik Franklin,20.724969,-156.917845
0.008209,Lanai,Erik Franklin,20.724969,-156.881913
0.003274,Lanai,Erik Franklin,20.724969,-156.810048
0.011075,Lanai,Erik Franklin,20.724969,-156.774115
0.115406,Mauai,Erik Franklin,20.724969,-156.450722
0.019276,Mauai,Erik Franklin,20.724969,-155.947665
0.027058,Mauai,Erik Franklin,20.69116,-156.450722
0.001022,Mauai,Erik Franklin,20.69116,-155.947665
0.038934,Mauai,Erik Franklin,20.657343,-156.450722
0.000147,Mauai,Erik Franklin,20.657343,-155.983598
0.058887,Kahoolawe,Erik Franklin,20.623518,-156.594452
0.035066,Kahoolawe,Erik Franklin,20.623518,-156.558519
0.000877,Kahoolawe,Erik Franklin,20.623518,-156.522587
0.039413,Mauai,Erik Franklin,20.623518,-156.450722
0.001014,Mauai,Erik Franklin,20.623518,-156.01953
0.059896,Kahoolawe,Erik Franklin,20.589686,-156.666317
0.005515,Kahoolawe,Erik Franklin,20.589686,-156.630385
0.053058,Kahoolawe,Erik Franklin,20.589686,-156.486654
0.026936,Mauai,Erik Franklin,20.589686,-156.450722
0.004185,Mauai,Erik Franklin,20.589686,-156.235126
0.005866,Mauai,Erik Franklin,20.589686,-156.199193
0.01006,Mauai,Erik Franklin,20.589686,-156.163261
0.014842,Mauai,Erik Franklin,20.589686,-156.127328
0.007055,Mauai,Erik Franklin,20.589686,-156.091395
0.009944,Mauai,Erik Franklin,20.589686,-156.055463
0.037775,Kahoolawe,Erik Franklin,20.555846,-156.70225
0.009003,Kahoolawe,Erik Franklin,20.555846,-156.486654
0.000254,Mauai,Erik Franklin,20.555846,-156.450722
0.014356,Mauai,Erik Franklin,20.555846,-156.414789
0.004247,Mauai,Erik Franklin,20.555846,-156.378856
0.00413,Mauai,Erik Franklin,20.555846,-156.342924
0.007465,Mauai,Erik Franklin,20.555846,-156.306991
0.00393,Mauai,Erik Franklin,20.555846,-156.271058
0.034876,Kahoolawe,Erik Franklin,20.521999,-156.70225
0.013485,Kahoolawe,Erik Franklin,20.521999,-156.486654
0.00485,Kahoolawe,Erik Franklin,20.488144,-156.70225
0.007145,Kahoolawe,Erik Franklin,20.488144,-156.666317
0.002133,Kahoolawe,Erik Franklin,20.488144,-156.630385
0.003234,Kahoolawe,Erik Franklin,20.488144,-156.594452
0.005474,Kahoolawe,Erik Franklin,20.488144,-156.558519
0.003829,Kahoolawe,Erik Franklin,20.488144,-156.522587
0.000789,Kahoolawe,Erik Franklin,20.488144,-156.486654
0.02518,Hawaii,Erik Franklin,20.284855,-155.947665
0.042756,Hawaii,Erik Franklin,20.284855,-155.911732
0.000347,Hawaii,Erik Franklin,20.284855,-155.8758
0.000118,Hawaii,Erik Franklin,20.284855,-155.839867
0.030882,Hawaii,Erik Franklin,20.284855,-155.803935
0.019009,Hawaii,Erik Franklin,20.284855,-155.768002
0.026963,Hawaii,Erik Franklin,20.284855,-155.732069
0.031163,Hawaii,Erik Franklin,20.284855,-155.696137
0.029262,Hawaii,Erik Franklin,20.250948,-155.947665
0.031171,Hawaii,Erik Franklin,20.250948,-155.696137
0.021132,Hawaii,Erik Franklin,20.217033,-155.947665
0.024583,Hawaii,Erik Franklin,20.217033,-155.696137
0.002022,Hawaii,Erik Franklin,20.217033,-155.660204
0.023839,Hawaii,Erik Franklin,20.18311,-155.947665
0.033401,Hawaii,Erik Franklin,20.18311,-155.660204
0.018285,Hawaii,Erik Franklin,20.18311,-155.624271
0.038021,Hawaii,Erik Franklin,20.18311,-155.588339
0.02899,Hawaii,Erik Franklin,20.14918,-155.947665
0.019736,Hawaii,Erik Franklin,20.14918,-155.588339
0.021654,Hawaii,Erik Franklin,20.14918,-155.552406
0.01012,Hawaii,Erik Franklin,20.14918,-155.516474
0.045184,Hawaii,Erik Franklin,20.115242,-155.911732
0.011019,Hawaii,Erik Franklin,20.115242,-155.480541
0.01117,Hawaii,Erik Franklin,20.115242,-155.444608
0.010808,Hawaii,Erik Franklin,20.115242,-155.408676
0.006072,Hawaii,Erik Franklin,20.115242,-155.372743
0.006142,Hawaii,Erik Franklin,20.115242,-155.336811
0.04653,Hawaii,Erik Franklin,20.081297,-155.911732
0.013906,Hawaii,Erik Franklin,20.081297,-155.336811
0.015072,Hawaii,Erik Franklin,20.081297,-155.300878
0.004047,Hawaii,Erik Franklin,20.081297,-155.264945
0.06862,Hawaii,Erik Franklin,20.047345,-155.8758
0.006983,Hawaii,Erik Franklin,20.047345,-155.264945
0.003659,Hawaii,Erik Franklin,20.047345,-155.229013
0.006416,Hawaii,Erik Franklin,20.047345,-155.19308
0.083375,Hawaii,Erik Franklin,20.013385,-155.8758
0.006013,Hawaii,Erik Franklin,20.013385,-155.19308
0.09884,Hawaii,Erik Franklin,19.979417,-155.8758
0.006198,Hawaii,Erik Franklin,19.979417,-155.19308
0.01372,Hawaii,Erik Franklin,19.979417,-155.157147
0.045642,Hawaii,Erik Franklin,19.945443,-155.911732
0.059472,Hawaii,Erik Franklin,19.945443,-155.8758
0.000514,Hawaii,Erik Franklin,19.945443,-155.157147
0.014534,Hawaii,Erik Franklin,19.945443,-155.121215
0.090741,Hawaii,Erik Franklin,19.91146,-155.911732
0.001634,Hawaii,Erik Franklin,19.91146,-155.121215
0.000108,Hawaii,Erik Franklin,19.91146,-155.085282
0.062889,Hawaii,Erik Franklin,19.877471,-155.983598
0.105263,Hawaii,Erik Franklin,19.877471,-155.947665
0.029809,Hawaii,Erik Franklin,19.877471,-155.085282
0.037642,Hawaii,Erik Franklin,19.843474,-156.055463
0.026518,Hawaii,Erik Franklin,19.843474,-156.01953
0.015342,Hawaii,Erik Franklin,19.843474,-155.04935
0.025296,Hawaii,Erik Franklin,19.80947,-156.055463
0.01521,Hawaii,Erik Franklin,19.80947,-155.04935
0.060576,Hawaii,Erik Franklin,19.775458,-156.055463
0.015995,Hawaii,Erik Franklin,19.775458,-155.04935
0.164893,Hawaii,Erik Franklin,19.775458,-155.013417
0.015032,Hawaii,Erik Franklin,19.741439,-156.055463
0.04231,Hawaii,Erik Franklin,19.741439,-155.013417
0.00842,Hawaii,Erik Franklin,19.741439,-154.977484
0.008155,Hawaii,Erik Franklin,19.741439,-154.941552
0.015174,Hawaii,Erik Franklin,19.707413,-156.055463
0.018226,Hawaii,Erik Franklin,19.707413,-154.941552
0.020409,Hawaii,Erik Franklin,19.673379,-156.055463
0.021664,Hawaii,Erik Franklin,19.673379,-154.941552
0.005453,Hawaii,Erik Franklin,19.639338,-156.055463
0.032271,Hawaii,Erik Franklin,19.639338,-156.01953
0.019046,Hawaii,Erik Franklin,19.639338,-154.905619
0.047583,Hawaii,Erik Franklin,19.60529,-156.01953
0.018455,Hawaii,Erik Franklin,19.60529,-154.905619
0.024008,Hawaii,Erik Franklin,19.571234,-155.983598
0.017316,Hawaii,Erik Franklin,19.571234,-154.869687
0.001972,Hawaii,Erik Franklin,19.571234,-154.833754
0.016311,Hawaii,Erik Franklin,19.571234,-154.797821
0.021827,Hawaii,Erik Franklin,19.537172,-155.983598
0.018262,Hawaii,Erik Franklin,19.503101,-155.983598
0.032037,Hawaii,Erik Franklin,19.469024,-155.983598
0.002838,Hawaii,Erik Franklin,19.469024,-154.797821
0.015389,Hawaii,Erik Franklin,19.434939,-155.947665
0.004645,Hawaii,Erik Franklin,19.434939,-154.833754
0.019896,Hawaii,Erik Franklin,19.400848,-155.947665
0.014056,Hawaii,Erik Franklin,19.400848,-154.869687
0.018812,Hawaii,Erik Franklin,19.366748,-155.911732
0.005557,Hawaii,Erik Franklin,19.366748,-154.941552
0.001579,Hawaii,Erik Franklin,19.366748,-154.905619
0.009708,Hawaii,Erik Franklin,19.332642,-155.911732
0.003442,Hawaii,Erik Franklin,19.332642,-154.977484
0.000148,Hawaii,Erik Franklin,19.332642,-154.941552
0.010397,Hawaii,Erik Franklin,19.298529,-155.911732
0.006181,Hawaii,Erik Franklin,19.298529,-155.04935
0.010208,Hawaii,Erik Franklin,19.264408,-155.911732
0.004803,Hawaii,Erik Franklin,19.264408,-155.121215
0.000244,Hawaii,Erik Franklin,19.264408,-155.085282
0.008796,Hawaii,Erik Franklin,19.23028,-155.947665
0.009779,Hawaii,Erik Franklin,19.23028,-155.300878
0.015992,Hawaii,Erik Franklin,19.23028,-155.264945
0.024062,Hawaii,Erik Franklin,19.23028,-155.229013
0.014064,Hawaii,Erik Franklin,19.23028,-155.19308
0.010782,Hawaii,Erik Franklin,19.23028,-155.157147
0.015568,Hawaii,Erik Franklin,19.196145,-155.947665
0.004827,Hawaii,Erik Franklin,19.196145,-155.336811
0.005028,Hawaii,Erik Franklin,19.196145,-155.300878
0.025372,Hawaii,Erik Franklin,19.162003,-155.947665
0.001808,Hawaii,Erik Franklin,19.162003,-155.372743
0.007552,Hawaii,Erik Franklin,19.162003,-155.336811
0.014794,Hawaii,Erik Franklin,19.127853,-155.947665
0.025871,Hawaii,Erik Franklin,19.127853,-155.480541
0.006656,Hawaii,Erik Franklin,19.127853,-155.444608
0.004667,Hawaii,Erik Franklin,19.127853,-155.408676
0.005835,Hawaii,Erik Franklin,19.127853,-155.372743
0.006803,Hawaii,Erik Franklin,19.093697,-155.947665
0.025817,Hawaii,Erik Franklin,19.093697,-155.516474
0.002547,Hawaii,Erik Franklin,19.093697,-155.480541
0.009434,Hawaii,Erik Franklin,19.059533,-155.911732
0.020855,Hawaii,Erik Franklin,19.059533,-155.516474
0.001613,Hawaii,Erik Franklin,19.025362,-155.911732
0.007245,Hawaii,Erik Franklin,19.025362,-155.516474
0.008999,Hawaii,Erik Franklin,18.991184,-155.8758
0.007024,Hawaii,Erik Franklin,18.991184,-155.839867
0.008808,Hawaii,Erik Franklin,18.991184,-155.803935
0.007216,Hawaii,Erik Franklin,18.991184,-155.552406
0.006147,Hawaii,Erik Franklin,18.956999,-155.768002
0.009932,Hawaii,Erik Franklin,18.956999,-155.732069
0.025165,Hawaii,Erik Franklin,18.956999,-155.588339
0.005217,Hawaii,Erik Franklin,18.956999,-155.552406
0.027244,Hawaii,Erik Franklin,18.922807,-155.696137
0.026225,Hawaii,Erik Franklin,18.922807,-155.660204
0.025165,Hawaii,Erik Franklin,18.922807,-155.624271
